,id,Equipo,Quinteto,PTS,FGm,FGa,2Pm,2Pa,3Pm,3Pa,1Pm,1Pa,RO,RD,RT,AST,PER,REC,BLQ,POSS,PLAYS,PJ
0,/es/basketballworldcup/2023/game/2508/Angola-Italy,Angola,"['Eduardo Francisco', 'Gerson Goncalves', 'Childe Dundao', 'Jilson Bango', 'Bruno Fernando']",0.0,0.0,0.0,0.0,0.0,0.0,0.0,0.0,0.0,0.0,0.0,0.0,0.0,0.0,0.0,0.0,0.0,0.0,0.0
1,/es/basketballworldcup/2023/game/2508/Angola-Italy,Italia,"['Marco Spissu', 'Stefano Tonut', 'Nicolo Melli', 'Simone Fontecchio', 'Achille Polonara']",0.0,0.0,0.0,0.0,0.0,0.0,0.0,0.0,0.0,0.0,0.0,0.0,0.0,0.0,0.0,0.0,0.0,0.0,0.0
0,/es/basketballworldcup/2023/game/2508/Finland-Australia,Finlandia,"['Miro Little', 'Sasu Salin', 'Olivier Nkamhoua', 'Mikael Jantunen', 'Lauri Markkanen']",0.0,0.0,0.0,0.0,0.0,0.0,0.0,0.0,0.0,0.0,0.0,0.0,0.0,0.0,0.0,0.0,0.0,0.0,0.0
1,/es/basketballworldcup/2023/game/2508/Finland-Australia,Australia,"['Matisse Thybulle', 'Josh Giddey', 'Patty Mills', 'Nick Kay', 'Duop Reath']",0.0,0.0,0.0,0.0,0.0,0.0,0.0,0.0,0.0,0.0,0.0,0.0,0.0,0.0,0.0,0.0,0.0,0.0,0.0
0,/es/basketballworldcup/2023/game/2508/México-Montenegro,México,"['Fabián Jaimes', 'Paul Stoll', 'Pako Cruz', 'Gabriel Girón', 'Joshua Ibarra']",0.0,0.0,0.0,0.0,0.0,0.0,0.0,0.0,0.0,0.0,0.0,0.0,0.0,0.0,0.0,0.0,0.0,0.0,0.0
1,/es/basketballworldcup/2023/game/2508/México-Montenegro,Montenegro,"['Nikola Vucevic', 'Dino Radoncic', 'Marko Simonovic', 'Petar Popovic', 'Kendrick Perry']",0.0,0.0,0.0,0.0,0.0,0.0,0.0,0.0,0.0,0.0,0.0,0.0,0.0,0.0,0.0,0.0,0.0,0.0,0.0
0,/es/basketballworldcup/2023/game/2508/Latvia-Lebanon,Letonia,"['Rodions Kurucs', 'Dairis Bertāns', 'Rolands Šmits', 'Andrejs Gražulis', 'Artūrs Žagars']",0.0,0.0,0.0,0.0,0.0,0.0,0.0,0.0,0.0,0.0,0.0,0.0,0.0,0.0,0.0,0.0,0.0,0.0,0.0
1,/es/basketballworldcup/2023/game/2508/Latvia-Lebanon,Líbano,"['Omari Rasulala Spellman', 'Sergio El Darwich', 'Ali Haidar', 'Wael Arakji', 'Ali Mezher']",0.0,0.0,0.0,0.0,0.0,0.0,0.0,0.0,0.0,0.0,0.0,0.0,0.0,0.0,0.0,0.0,0.0,0.0,0.0
0,/es/basketballworldcup/2023/game/2508/Dominican-Republic-Philippines,República Dominicana,"['Victor Liz', 'Andres Feliz', 'Eloy Vargas', 'Lester Quiñones', 'Karl-Anthony Towns']",0.0,0.0,0.0,0.0,0.0,0.0,0.0,0.0,0.0,0.0,0.0,0.0,0.0,0.0,0.0,0.0,0.0,0.0,0.0
1,/es/basketballworldcup/2023/game/2508/Dominican-Republic-Philippines,Filipinas,"['Jordan Clarkson', 'Roger Pogoy', 'Dwight Ramos', 'Japeth Aguilar', 'Ariel John Edu']",0.0,0.0,0.0,0.0,0.0,0.0,0.0,0.0,0.0,0.0,0.0,0.0,0.0,0.0,0.0,0.0,0.0,0.0,0.0
0,/es/basketballworldcup/2023/game/2508/Germany-Japan,Alemania,"['Johannes Voigtmann', 'Franz Wagner', 'Daniel Theis', 'Dennis Schroder', 'Andreas Obst']",0.0,0.0,0.0,0.0,0.0,0.0,0.0,0.0,0.0,0.0,0.0,0.0,0.0,0.0,0.0,0.0,0.0,0.0,0.0
1,/es/basketballworldcup/2023/game/2508/Germany-Japan,Japón,"['Yuki Togashi', 'Yuta Watanabe', 'Yudai Baba', 'Joshua Hawkinson', 'Shuta Hara']",0.0,0.0,0.0,0.0,0.0,0.0,0.0,0.0,0.0,0.0,0.0,0.0,0.0,0.0,0.0,0.0,0.0,0.0,0.0
0,/es/basketballworldcup/2023/game/2508/Egipto-Lituania,Egipto,"['Amr Zahran', 'Ehab Amin', 'Amr El Gendy', 'Anas Mahmoud', 'Assem Marei']",0.0,0.0,0.0,0.0,0.0,0.0,0.0,0.0,0.0,0.0,0.0,0.0,0.0,0.0,0.0,0.0,0.0,0.0,0.0
1,/es/basketballworldcup/2023/game/2508/Egipto-Lituania,Lituania,"['Tadas Sedekerskis', 'Ignas Brazdeikis', 'Rokas Jokubaitis', 'Jonas Valanciunas', 'Tomas Dimsa']",0.0,0.0,0.0,0.0,0.0,0.0,0.0,0.0,0.0,0.0,0.0,0.0,0.0,0.0,0.0,0.0,0.0,0.0,0.0
0,/es/basketballworldcup/2023/game/2508/Canada-France,Canadá,"['Shai Gilgeous-Alexander', 'Dwight Powell', 'RJ  Barrett', 'Kelly Olynyk', 'Dillon Brooks']",0.0,0.0,0.0,0.0,0.0,0.0,0.0,0.0,0.0,0.0,0.0,0.0,0.0,0.0,0.0,0.0,0.0,0.0,0.0
1,/es/basketballworldcup/2023/game/2508/Canada-France,Francia,"['Nicolas Batum', 'Guerschon Yabusele', 'Evan Fournier', 'Nando De Colo', 'Rudy Gobert']",0.0,0.0,0.0,0.0,0.0,0.0,0.0,0.0,0.0,0.0,0.0,0.0,0.0,0.0,0.0,0.0,0.0,0.0,0.0
0,/es/basketballworldcup/2023/game/2608/South-Sudan-Puerto-Rico,Sudán del Sur,"['Nuni Omot', 'Carlik Jones', 'Kuany Ngor Kuany', 'Marial Shayok', 'Wenyen Gabriel']",0.0,0.0,0.0,0.0,0.0,0.0,0.0,0.0,0.0,0.0,0.0,0.0,0.0,0.0,0.0,0.0,0.0,0.0,0.0
1,/es/basketballworldcup/2023/game/2608/South-Sudan-Puerto-Rico,Puerto Rico,"['Isaiah Pineiro', 'George Conditt', 'Stephen Thompson Jr.', 'Ismael Romero', 'Tremont Waters']",0.0,0.0,0.0,0.0,0.0,0.0,0.0,0.0,0.0,0.0,0.0,0.0,0.0,0.0,0.0,0.0,0.0,0.0,0.0
0,/es/basketballworldcup/2023/game/2608/Cape-Verde-Georgia,Cabo Verde,"['Patrick Lima', 'Ivan Almeida', 'Will Tavares', 'Betinho Gomes', 'Edy Tavares']",0.0,0.0,0.0,0.0,0.0,0.0,0.0,0.0,0.0,0.0,0.0,0.0,0.0,0.0,0.0,0.0,0.0,0.0,0.0
1,/es/basketballworldcup/2023/game/2608/Cape-Verde-Georgia,Georgia,"['Rati Andronikashvili', 'Giorgi Shermadini', 'Duda Sanadze', 'Tornike Shengelia', 'Thaddus McFadden']",0.0,0.0,0.0,0.0,0.0,0.0,0.0,0.0,0.0,0.0,0.0,0.0,0.0,0.0,0.0,0.0,0.0,0.0,0.0
0,/es/basketballworldcup/2023/game/2608/Jordan-Greece,Jordania,"['Freddy Ibrahim', 'Sami Bzai', 'Zaid Abbas', 'Rondae Hollis Jefferson', 'Ahmad Dwairi']",0.0,0.0,0.0,0.0,0.0,0.0,0.0,0.0,0.0,0.0,0.0,0.0,0.0,0.0,0.0,0.0,0.0,0.0,0.0
1,/es/basketballworldcup/2023/game/2608/Jordan-Greece,Grecia,"['Thomas Walkup', 'Michail Lountzis', 'Georgios Papagiannis', 'Kostas Papanikolaou', 'Thanasis Antetokounmpo']",0.0,0.0,0.0,0.0,0.0,0.0,0.0,0.0,0.0,0.0,0.0,0.0,0.0,0.0,0.0,0.0,0.0,0.0,0.0
0,/es/basketballworldcup/2023/game/2608/Iran-Brazil,Irán,"['Behnam Yakhchali', 'Piter Girgoorian', 'Arsalan Kazemi', 'Matin Aghajanpour', 'Hasan Aliakbari']",0.0,0.0,0.0,0.0,0.0,0.0,0.0,0.0,0.0,0.0,0.0,0.0,0.0,0.0,0.0,0.0,0.0,0.0,0.0
1,/es/basketballworldcup/2023/game/2608/Iran-Brazil,Brasil,"['Yago Santos', 'Tim Soares', 'Leonardo Meindl', 'Raul Neto Togni', 'Bruno Caboclo']",0.0,0.0,0.0,0.0,0.0,0.0,0.0,0.0,0.0,0.0,0.0,0.0,0.0,0.0,0.0,0.0,0.0,0.0,0.0
0,/es/basketballworldcup/2023/game/2608/Slovenia-Venezuela,Eslovenia,"['Aleksej Nikolic', 'Mike Tobey', 'Zoran Dragic', 'Bine Prepelic', 'Luka Doncic']",0.0,0.0,0.0,0.0,0.0,0.0,0.0,0.0,0.0,0.0,0.0,0.0,0.0,0.0,0.0,0.0,0.0,0.0,0.0
1,/es/basketballworldcup/2023/game/2608/Slovenia-Venezuela,Venezuela,"['Gregory Vargas', 'Garly Sojo', 'Pedro Chourio', 'Michael Carrera', 'Nestor Colmenares']",0.0,0.0,0.0,0.0,0.0,0.0,0.0,0.0,0.0,0.0,0.0,0.0,0.0,0.0,0.0,0.0,0.0,0.0,0.0
0,/es/basketballworldcup/2023/game/2608/Serbia-China,Serbia,"['Nikola Jovic', 'Bogdan Bogdanovic', 'Ognjen Dobric', 'Stefan Jovic', 'Nikola Milutinov']",0.0,0.0,0.0,0.0,0.0,0.0,0.0,0.0,0.0,0.0,0.0,0.0,0.0,0.0,0.0,0.0,0.0,0.0,0.0
1,/es/basketballworldcup/2023/game/2608/Serbia-China,China,"['Kaier Li', 'Rui Zhao', 'Peng Zhou', 'Qi Zhou', 'Zhenlin Zhang']",0.0,0.0,0.0,0.0,0.0,0.0,0.0,0.0,0.0,0.0,0.0,0.0,0.0,0.0,0.0,0.0,0.0,0.0,0.0
0,/es/basketballworldcup/2023/game/2608/USA-New-Zealand,USA,"['Mikal Bridges', 'Brandon Ingram', 'Anthony Edwards', 'Jalen Brunson', 'Jaren Jackson Jr']",0.0,0.0,0.0,0.0,0.0,0.0,0.0,0.0,0.0,0.0,0.0,0.0,0.0,0.0,0.0,0.0,0.0,0.0,0.0
1,/es/basketballworldcup/2023/game/2608/USA-New-Zealand,Nueva Zelanda,"['Reuben Te Rangi', 'Finn Delany', 'Shea Ili', 'Yannick Wetzell', 'Jordan Ngatai']",0.0,0.0,0.0,0.0,0.0,0.0,0.0,0.0,0.0,0.0,0.0,0.0,0.0,0.0,0.0,0.0,0.0,0.0,0.0
0,/es/basketballworldcup/2023/game/2608/Spain-Cote-d-Ivoire,España,"['Willy Hernangomez', 'Alex Abrines', 'Juan Nunez', 'Juancho Hernangomez', 'Joel Parra']",0.0,0.0,0.0,0.0,0.0,0.0,0.0,0.0,0.0,0.0,0.0,0.0,0.0,0.0,0.0,0.0,0.0,0.0,0.0
1,/es/basketballworldcup/2023/game/2608/Spain-Cote-d-Ivoire,Costa de Marfil,"['Bazoumana Koné', 'Amadou Sidibe', 'Maxence Dadiet', 'Cédric Bah', 'Jean Philippe Dally']",0.0,0.0,0.0,0.0,0.0,0.0,0.0,0.0,0.0,0.0,0.0,0.0,0.0,0.0,0.0,0.0,0.0,0.0,0.0
0,/es/basketballworldcup/2023/game/2708/Italy-Dominican-Republic,Italia,"['Marco Spissu', 'Stefano Tonut', 'Nicolo Melli', 'Simone Fontecchio', 'Achille Polonara']",0.0,0.0,0.0,0.0,0.0,0.0,0.0,0.0,0.0,0.0,0.0,0.0,0.0,0.0,0.0,0.0,0.0,0.0,0.0
1,/es/basketballworldcup/2023/game/2708/Italy-Dominican-Republic,República Dominicana,"['Victor Liz', 'Andres Feliz', 'Angel Delgado', 'Lester Quiñones', 'Karl-Anthony Towns']",0.0,0.0,0.0,0.0,0.0,0.0,0.0,0.0,0.0,0.0,0.0,0.0,0.0,0.0,0.0,0.0,0.0,0.0,0.0
0,/es/basketballworldcup/2023/game/2708/Australia-Germany,Australia,"['Matisse Thybulle', 'Josh Giddey', 'Patty Mills', 'Nick Kay', 'Duop Reath']",0.0,0.0,0.0,0.0,0.0,0.0,0.0,0.0,0.0,0.0,0.0,0.0,0.0,0.0,0.0,0.0,0.0,0.0,0.0
1,/es/basketballworldcup/2023/game/2708/Australia-Germany,Alemania,"['Isaac Bonga', 'Johannes Voigtmann', 'Daniel Theis', 'Dennis Schroder', 'Andreas Obst']",0.0,0.0,0.0,0.0,0.0,0.0,0.0,0.0,0.0,0.0,0.0,0.0,0.0,0.0,0.0,0.0,0.0,0.0,0.0
0,/es/basketballworldcup/2023/game/2708/Montenegro-Egypt,Montenegro,"['Nikola Vucevic', 'Dino Radoncic', 'Marko Simonovic', 'Petar Popovic', 'Kendrick Perry']",0.0,0.0,0.0,0.0,0.0,0.0,0.0,0.0,0.0,0.0,0.0,0.0,0.0,0.0,0.0,0.0,0.0,0.0,0.0
1,/es/basketballworldcup/2023/game/2708/Montenegro-Egypt,Egipto,"['Ehab Amin', 'Adam Moussa', 'Youssef Aboushousha', 'Patrick Gardner', 'Assem Marei']",0.0,0.0,0.0,0.0,0.0,0.0,0.0,0.0,0.0,0.0,0.0,0.0,0.0,0.0,0.0,0.0,0.0,0.0,0.0
0,/es/basketballworldcup/2023/game/2708/Lebanon-Canada,Líbano,"['Omari Rasulala Spellman', 'Sergio El Darwich', 'Ali Haidar', 'Wael Arakji', 'Ali Mezher']",0.0,0.0,0.0,0.0,0.0,0.0,0.0,0.0,0.0,0.0,0.0,0.0,0.0,0.0,0.0,0.0,0.0,0.0,0.0
1,/es/basketballworldcup/2023/game/2708/Lebanon-Canada,Canadá,"['Shai Gilgeous-Alexander', 'Dwight Powell', 'RJ  Barrett', 'Kelly Olynyk', 'Dillon Brooks']",0.0,0.0,0.0,0.0,0.0,0.0,0.0,0.0,0.0,0.0,0.0,0.0,0.0,0.0,0.0,0.0,0.0,0.0,0.0
0,/es/basketballworldcup/2023/game/2708/Philippines-Angola,Filipinas,"['Jordan Clarkson', 'Scottie Thompson', 'June Mar Fajardo', 'Dwight Ramos', 'Ariel John Edu']",0.0,0.0,0.0,0.0,0.0,0.0,0.0,0.0,0.0,0.0,0.0,0.0,0.0,0.0,0.0,0.0,0.0,0.0,0.0
1,/es/basketballworldcup/2023/game/2708/Philippines-Angola,Angola,"['Eduardo Francisco', 'Gerson Goncalves', 'Childe Dundao', 'Jilson Bango', 'Bruno Fernando']",0.0,0.0,0.0,0.0,0.0,0.0,0.0,0.0,0.0,0.0,0.0,0.0,0.0,0.0,0.0,0.0,0.0,0.0,0.0
0,/es/basketballworldcup/2023/game/2708/Japan-Finland,Japón,"['Yuki Togashi', 'Yuta Watanabe', 'Yudai Baba', 'Joshua Hawkinson', 'Shuta Hara']",0.0,0.0,0.0,0.0,0.0,0.0,0.0,0.0,0.0,0.0,0.0,0.0,0.0,0.0,0.0,0.0,0.0,0.0,0.0
1,/es/basketballworldcup/2023/game/2708/Japan-Finland,Finlandia,"['Sasu Salin', 'Olivier Nkamhoua', 'Mikael Jantunen', 'Edon Maxhuni', 'Lauri Markkanen']",0.0,0.0,0.0,0.0,0.0,0.0,0.0,0.0,0.0,0.0,0.0,0.0,0.0,0.0,0.0,0.0,0.0,0.0,0.0
0,/es/basketballworldcup/2023/game/2708/Lituania-México,Lituania,"['Margiris Normantas', 'Tadas Sedekerskis', 'Ignas Brazdeikis', 'Rokas Jokubaitis', 'Jonas Valanciunas']",0.0,0.0,0.0,0.0,0.0,0.0,0.0,0.0,0.0,0.0,0.0,0.0,0.0,0.0,0.0,0.0,0.0,0.0,0.0
1,/es/basketballworldcup/2023/game/2708/Lituania-México,México,"['Fabián Jaimes', 'Paul Stoll', 'Pako Cruz', 'Gabriel Girón', 'Joshua Ibarra']",0.0,0.0,0.0,0.0,0.0,0.0,0.0,0.0,0.0,0.0,0.0,0.0,0.0,0.0,0.0,0.0,0.0,0.0,0.0
0,/es/basketballworldcup/2023/game/2708/France-Latvia,Francia,"['Nicolas Batum', 'Guerschon Yabusele', 'Evan Fournier', 'Nando De Colo', 'Rudy Gobert']",0.0,0.0,0.0,0.0,0.0,0.0,0.0,0.0,0.0,0.0,0.0,0.0,0.0,0.0,0.0,0.0,0.0,0.0,0.0
1,/es/basketballworldcup/2023/game/2708/France-Latvia,Letonia,"['Rodions Kurucs', 'Dairis Bertāns', 'Rolands Šmits', 'Andrejs Gražulis', 'Artūrs Žagars']",0.0,0.0,0.0,0.0,0.0,0.0,0.0,0.0,0.0,0.0,0.0,0.0,0.0,0.0,0.0,0.0,0.0,0.0,0.0
0,/es/basketballworldcup/2023/game/2808/China-South-Sudan,China,"['Kaier Li', 'Rui Zhao', 'Peng Zhou', 'Qi Zhou', 'Zhenlin Zhang']",0.0,0.0,0.0,0.0,0.0,0.0,0.0,0.0,0.0,0.0,0.0,0.0,0.0,0.0,0.0,0.0,0.0,0.0,0.0
1,/es/basketballworldcup/2023/game/2808/China-South-Sudan,Sudán del Sur,"['Nuni Omot', 'Carlik Jones', 'Kuany Ngor Kuany', 'Marial Shayok', 'Wenyen Gabriel']",0.0,0.0,0.0,0.0,0.0,0.0,0.0,0.0,0.0,0.0,0.0,0.0,0.0,0.0,0.0,0.0,0.0,0.0,0.0
0,/es/basketballworldcup/2023/game/2808/Venezuela-Cape-Verde,Venezuela,"['Garly Sojo', 'Pedro Chourio', 'Windi Graterol', 'Heissler Guillent', 'Nestor Colmenares']",0.0,0.0,0.0,0.0,0.0,0.0,0.0,0.0,0.0,0.0,0.0,0.0,0.0,0.0,0.0,0.0,0.0,0.0,0.0
1,/es/basketballworldcup/2023/game/2808/Venezuela-Cape-Verde,Cabo Verde,"['Patrick Lima', 'Ivan Almeida', 'Will Tavares', 'Betinho Gomes', 'Edy Tavares']",0.0,0.0,0.0,0.0,0.0,0.0,0.0,0.0,0.0,0.0,0.0,0.0,0.0,0.0,0.0,0.0,0.0,0.0,0.0
0,/es/basketballworldcup/2023/game/2808/New-Zealand-Jordan,Nueva Zelanda,"['Reuben Te Rangi', 'Finn Delany', 'Shea Ili', 'Yannick Wetzell', 'Jordan Ngatai']",0.0,0.0,0.0,0.0,0.0,0.0,0.0,0.0,0.0,0.0,0.0,0.0,0.0,0.0,0.0,0.0,0.0,0.0,0.0
1,/es/basketballworldcup/2023/game/2808/New-Zealand-Jordan,Jordania,"['Freddy Ibrahim', 'Sami Bzai', 'Zaid Abbas', 'Rondae Hollis Jefferson', 'Ahmad Dwairi']",0.0,0.0,0.0,0.0,0.0,0.0,0.0,0.0,0.0,0.0,0.0,0.0,0.0,0.0,0.0,0.0,0.0,0.0,0.0
0,/es/basketballworldcup/2023/game/2808/Cote-d-Ivoire-Iran,Costa de Marfil,"['Bazoumana Koné', 'Amadou Sidibe', 'Maxence Dadiet', 'Cédric Bah', 'Jean Philippe Dally']",0.0,0.0,0.0,0.0,0.0,0.0,0.0,0.0,0.0,0.0,0.0,0.0,0.0,0.0,0.0,0.0,0.0,0.0,0.0
1,/es/basketballworldcup/2023/game/2808/Cote-d-Ivoire-Iran,Irán,"['Mohammad Amini', 'Behnam Yakhchali', 'Piter Girgoorian', 'Jalal Agha Miri', 'Hasan Aliakbari']",0.0,0.0,0.0,0.0,0.0,0.0,0.0,0.0,0.0,0.0,0.0,0.0,0.0,0.0,0.0,0.0,0.0,0.0,0.0
0,/es/basketballworldcup/2023/game/2808/Georgia-Slovenia,Georgia,"['Rati Andronikashvili', 'Giorgi Shermadini', 'Duda Sanadze', 'Tornike Shengelia', 'Thaddus McFadden']",0.0,0.0,0.0,0.0,0.0,0.0,0.0,0.0,0.0,0.0,0.0,0.0,0.0,0.0,0.0,0.0,0.0,0.0,0.0
1,/es/basketballworldcup/2023/game/2808/Georgia-Slovenia,Eslovenia,"['Aleksej Nikolic', 'Mike Tobey', 'Zoran Dragic', 'Bine Prepelic', 'Luka Doncic']",0.0,0.0,0.0,0.0,0.0,0.0,0.0,0.0,0.0,0.0,0.0,0.0,0.0,0.0,0.0,0.0,0.0,0.0,0.0
0,/es/basketballworldcup/2023/game/2808/Puerto-Rico-Serbia,Puerto Rico,"['Isaiah Pineiro', 'George Conditt', 'Stephen Thompson Jr.', 'Ismael Romero', 'Tremont Waters']",0.0,0.0,0.0,0.0,0.0,0.0,0.0,0.0,0.0,0.0,0.0,0.0,0.0,0.0,0.0,0.0,0.0,0.0,0.0
1,/es/basketballworldcup/2023/game/2808/Puerto-Rico-Serbia,Serbia,"['Nikola Jovic', 'Bogdan Bogdanovic', 'Ognjen Dobric', 'Stefan Jovic', 'Nikola Milutinov']",0.0,0.0,0.0,0.0,0.0,0.0,0.0,0.0,0.0,0.0,0.0,0.0,0.0,0.0,0.0,0.0,0.0,0.0,0.0
0,/es/basketballworldcup/2023/game/2808/Greece-USA,Grecia,"['Thomas Walkup', 'Georgios Papagiannis', 'Kostas Papanikolaou', 'Thanasis Antetokounmpo', 'Emmanouil Chatzidakis']",0.0,0.0,0.0,0.0,0.0,0.0,0.0,0.0,0.0,0.0,0.0,0.0,0.0,0.0,0.0,0.0,0.0,0.0,0.0
1,/es/basketballworldcup/2023/game/2808/Greece-USA,USA,"['Mikal Bridges', 'Brandon Ingram', 'Anthony Edwards', 'Jalen Brunson', 'Jaren Jackson Jr']",0.0,0.0,0.0,0.0,0.0,0.0,0.0,0.0,0.0,0.0,0.0,0.0,0.0,0.0,0.0,0.0,0.0,0.0,0.0
0,/es/basketballworldcup/2023/game/2808/Brazil-Spain,Brasil,"['Yago Santos', 'Tim Soares', 'Leonardo Meindl', 'Georginho De Paula', 'Bruno Caboclo']",0.0,0.0,0.0,0.0,0.0,0.0,0.0,0.0,0.0,0.0,0.0,0.0,0.0,0.0,0.0,0.0,0.0,0.0,0.0
1,/es/basketballworldcup/2023/game/2808/Brazil-Spain,España,"['Victor Claver', 'Willy Hernangomez', 'Sergio Llull', 'Juan Nunez', 'Juancho Hernangomez']",0.0,0.0,0.0,0.0,0.0,0.0,0.0,0.0,0.0,0.0,0.0,0.0,0.0,0.0,0.0,0.0,0.0,0.0,0.0
0,/es/basketballworldcup/2023/game/2908/Germany-Finland,Alemania,"['Isaac Bonga', 'Johannes Voigtmann', 'Daniel Theis', 'Dennis Schroder', 'Andreas Obst']",0.0,0.0,0.0,0.0,0.0,0.0,0.0,0.0,0.0,0.0,0.0,0.0,0.0,0.0,0.0,0.0,0.0,0.0,0.0
1,/es/basketballworldcup/2023/game/2908/Germany-Finland,Finlandia,"['Miro Little', 'Sasu Salin', 'Mikael Jantunen', 'Elias Valtonen', 'Lauri Markkanen']",0.0,0.0,0.0,0.0,0.0,0.0,0.0,0.0,0.0,0.0,0.0,0.0,0.0,0.0,0.0,0.0,0.0,0.0,0.0
0,/es/basketballworldcup/2023/game/2908/Angola-Dominican-Republic,Angola,"['Eduardo Francisco', 'Gerson Goncalves', 'Childe Dundao', 'Jilson Bango', 'Bruno Fernando']",0.0,0.0,0.0,0.0,0.0,0.0,0.0,0.0,0.0,0.0,0.0,0.0,0.0,0.0,0.0,0.0,0.0,0.0,0.0
1,/es/basketballworldcup/2023/game/2908/Angola-Dominican-Republic,República Dominicana,"['Victor Liz', 'Andres Feliz', 'Eloy Vargas', 'LJ Figueroa', 'Karl-Anthony Towns']",0.0,0.0,0.0,0.0,0.0,0.0,0.0,0.0,0.0,0.0,0.0,0.0,0.0,0.0,0.0,0.0,0.0,0.0,0.0
0,/es/basketballworldcup/2023/game/2908/Egypt-Mexico,Egipto,"['Amr Zahran', 'Ehab Amin', 'Adam Moussa', 'Anas Mahmoud', 'Patrick Gardner']",0.0,0.0,0.0,0.0,0.0,0.0,0.0,0.0,0.0,0.0,0.0,0.0,0.0,0.0,0.0,0.0,0.0,0.0,0.0
1,/es/basketballworldcup/2023/game/2908/Egypt-Mexico,México,"['Fabián Jaimes', 'Paul Stoll', 'Pako Cruz', 'Gabriel Girón', 'Joshua Ibarra']",0.0,0.0,0.0,0.0,0.0,0.0,0.0,0.0,0.0,0.0,0.0,0.0,0.0,0.0,0.0,0.0,0.0,0.0,0.0
0,/es/basketballworldcup/2023/game/2908/Lebanon-France,Líbano,"['Omari Rasulala Spellman', 'Karim Zeinoun', 'Sergio El Darwich', 'Ali Haidar', 'Wael Arakji']",0.0,0.0,0.0,0.0,0.0,0.0,0.0,0.0,0.0,0.0,0.0,0.0,0.0,0.0,0.0,0.0,0.0,0.0,0.0
1,/es/basketballworldcup/2023/game/2908/Lebanon-France,Francia,"['Guerschon Yabusele', 'Evan Fournier', 'Nando De Colo', 'Terry Tarpey', 'Yakuba Ouattara']",0.0,0.0,0.0,0.0,0.0,0.0,0.0,0.0,0.0,0.0,0.0,0.0,0.0,0.0,0.0,0.0,0.0,0.0,0.0
0,/es/basketballworldcup/2023/game/2908/Australia-Japan,Australia,"['Josh Giddey', 'Patty Mills', 'Josh Green', 'Nick Kay', 'Duop Reath']",0.0,0.0,0.0,0.0,0.0,0.0,0.0,0.0,0.0,0.0,0.0,0.0,0.0,0.0,0.0,0.0,0.0,0.0,0.0
1,/es/basketballworldcup/2023/game/2908/Australia-Japan,Japón,"['Yuki Kawamura', 'Makoto Hiejima', 'Yuta Watanabe', 'Yudai Baba', 'Joshua Hawkinson']",0.0,0.0,0.0,0.0,0.0,0.0,0.0,0.0,0.0,0.0,0.0,0.0,0.0,0.0,0.0,0.0,0.0,0.0,0.0
0,/es/basketballworldcup/2023/game/2908/Philippines-Italy,Filipinas,"['Jordan Clarkson', 'Kai Zachary Sotto', 'Roger Pogoy', 'Dwight Ramos', 'Ariel John Edu']",0.0,0.0,0.0,0.0,0.0,0.0,0.0,0.0,0.0,0.0,0.0,0.0,0.0,0.0,0.0,0.0,0.0,0.0,0.0
1,/es/basketballworldcup/2023/game/2908/Philippines-Italy,Italia,"['Marco Spissu', 'Stefano Tonut', 'Nicolo Melli', 'Simone Fontecchio', 'Achille Polonara']",0.0,0.0,0.0,0.0,0.0,0.0,0.0,0.0,0.0,0.0,0.0,0.0,0.0,0.0,0.0,0.0,0.0,0.0,0.0
0,/es/basketballworldcup/2023/game/2908/Montenegro-Lituania,Montenegro,"['Nikola Vucevic', 'Dino Radoncic', 'Marko Simonovic', 'Petar Popovic', 'Kendrick Perry']",0.0,0.0,0.0,0.0,0.0,0.0,0.0,0.0,0.0,0.0,0.0,0.0,0.0,0.0,0.0,0.0,0.0,0.0,0.0
1,/es/basketballworldcup/2023/game/2908/Montenegro-Lituania,Lituania,"['Margiris Normantas', 'Tadas Sedekerskis', 'Ignas Brazdeikis', 'Rokas Jokubaitis', 'Jonas Valanciunas']",0.0,0.0,0.0,0.0,0.0,0.0,0.0,0.0,0.0,0.0,0.0,0.0,0.0,0.0,0.0,0.0,0.0,0.0,0.0
0,/es/basketballworldcup/2023/game/2908/Canada-Latvia,Canadá,"['Shai Gilgeous-Alexander', 'Dwight Powell', 'RJ  Barrett', 'Kelly Olynyk', 'Dillon Brooks']",0.0,0.0,0.0,0.0,0.0,0.0,0.0,0.0,0.0,0.0,0.0,0.0,0.0,0.0,0.0,0.0,0.0,0.0,0.0
1,/es/basketballworldcup/2023/game/2908/Canada-Latvia,Letonia,"['Rodions Kurucs', 'Rolands Šmits', 'Andrejs Gražulis', 'Artūrs Kurucs', 'Artūrs Žagars']",0.0,0.0,0.0,0.0,0.0,0.0,0.0,0.0,0.0,0.0,0.0,0.0,0.0,0.0,0.0,0.0,0.0,0.0,0.0
0,/es/basketballworldcup/2023/game/3008/South-Sudan-Serbia,Sudán del Sur,"['Nuni Omot', 'Carlik Jones', 'Kuany Ngor Kuany', 'Marial Shayok', 'Wenyen Gabriel']",0.0,0.0,0.0,0.0,0.0,0.0,0.0,0.0,0.0,0.0,0.0,0.0,0.0,0.0,0.0,0.0,0.0,0.0,0.0
1,/es/basketballworldcup/2023/game/3008/South-Sudan-Serbia,Serbia,"['Nikola Jovic', 'Bogdan Bogdanovic', 'Ognjen Dobric', 'Stefan Jovic', 'Nikola Milutinov']",0.0,0.0,0.0,0.0,0.0,0.0,0.0,0.0,0.0,0.0,0.0,0.0,0.0,0.0,0.0,0.0,0.0,0.0,0.0
0,/es/basketballworldcup/2023/game/3008/Georgia-Venezuela,Georgia,"['Rati Andronikashvili', 'Giorgi Shermadini', 'Duda Sanadze', 'Tornike Shengelia', 'Thaddus McFadden']",0.0,0.0,0.0,0.0,0.0,0.0,0.0,0.0,0.0,0.0,0.0,0.0,0.0,0.0,0.0,0.0,0.0,0.0,0.0
1,/es/basketballworldcup/2023/game/3008/Georgia-Venezuela,Venezuela,"['Garly Sojo', 'David Cubillan', 'Pedro Chourio', 'Windi Graterol', 'Nestor Colmenares']",0.0,0.0,0.0,0.0,0.0,0.0,0.0,0.0,0.0,0.0,0.0,0.0,0.0,0.0,0.0,0.0,0.0,0.0,0.0
0,/es/basketballworldcup/2023/game/3008/USA-Jordan,USA,"['Mikal Bridges', 'Anthony Edwards', 'Jalen Brunson', 'Josh Hart', 'Jaren Jackson Jr']",0.0,0.0,0.0,0.0,0.0,0.0,0.0,0.0,0.0,0.0,0.0,0.0,0.0,0.0,0.0,0.0,0.0,0.0,0.0
1,/es/basketballworldcup/2023/game/3008/USA-Jordan,Jordania,"['Amin Abu Hawwas', 'Freddy Ibrahim', 'Sami Bzai', 'Rondae Hollis Jefferson', 'Ahmad Dwairi']",0.0,0.0,0.0,0.0,0.0,0.0,0.0,0.0,0.0,0.0,0.0,0.0,0.0,0.0,0.0,0.0,0.0,0.0,0.0
0,/es/basketballworldcup/2023/game/3008/Cote-d-Ivoire-Brazil,Costa de Marfil,"['Bazoumana Koné', 'Amadou Sidibe', 'Maxence Dadiet', 'Cédric Bah', 'Jean Philippe Dally']",0.0,0.0,0.0,0.0,0.0,0.0,0.0,0.0,0.0,0.0,0.0,0.0,0.0,0.0,0.0,0.0,0.0,0.0,0.0
1,/es/basketballworldcup/2023/game/3008/Cote-d-Ivoire-Brazil,Brasil,"['Yago Santos', 'Tim Soares', 'Leonardo Meindl', 'Georginho De Paula', 'Bruno Caboclo']",0.0,0.0,0.0,0.0,0.0,0.0,0.0,0.0,0.0,0.0,0.0,0.0,0.0,0.0,0.0,0.0,0.0,0.0,0.0
0,/es/basketballworldcup/2023/game/3008/Slovenia-Cape-Verde,Eslovenia,"['Aleksej Nikolic', 'Mike Tobey', 'Zoran Dragic', 'Bine Prepelic', 'Luka Doncic']",0.0,0.0,0.0,0.0,0.0,0.0,0.0,0.0,0.0,0.0,0.0,0.0,0.0,0.0,0.0,0.0,0.0,0.0,0.0
1,/es/basketballworldcup/2023/game/3008/Slovenia-Cape-Verde,Cabo Verde,"['Ivan Almeida', 'Joel Almeida', 'Will Tavares', 'Betinho Gomes', 'Edy Tavares']",0.0,0.0,0.0,0.0,0.0,0.0,0.0,0.0,0.0,0.0,0.0,0.0,0.0,0.0,0.0,0.0,0.0,0.0,0.0
0,/es/basketballworldcup/2023/game/3008/China-Puerto-Rico,China,"['Mingxuan Hu', 'Rui Zhao', 'Peng Zhou', 'Qi Zhou', 'Zhenlin Zhang']",0.0,0.0,0.0,0.0,0.0,0.0,0.0,0.0,0.0,0.0,0.0,0.0,0.0,0.0,0.0,0.0,0.0,0.0,0.0
1,/es/basketballworldcup/2023/game/3008/China-Puerto-Rico,Puerto Rico,"['Isaiah Pineiro', 'George Conditt', 'Stephen Thompson Jr.', 'Ismael Romero', 'Tremont Waters']",0.0,0.0,0.0,0.0,0.0,0.0,0.0,0.0,0.0,0.0,0.0,0.0,0.0,0.0,0.0,0.0,0.0,0.0,0.0
0,/es/basketballworldcup/2023/game/3008/Greece-New-Zealand,Grecia,"['Thomas Walkup', 'Michail Lountzis', 'Georgios Papagiannis', 'Kostas Papanikolaou', 'Thanasis Antetokounmpo']",0.0,0.0,0.0,0.0,0.0,0.0,0.0,0.0,0.0,0.0,0.0,0.0,0.0,0.0,0.0,0.0,0.0,0.0,0.0
1,/es/basketballworldcup/2023/game/3008/Greece-New-Zealand,Nueva Zelanda,"['Reuben Te Rangi', 'Finn Delany', 'Shea Ili', 'Yannick Wetzell', 'Jordan Ngatai']",0.0,0.0,0.0,0.0,0.0,0.0,0.0,0.0,0.0,0.0,0.0,0.0,0.0,0.0,0.0,0.0,0.0,0.0,0.0
0,/es/basketballworldcup/2023/game/3008/Iran-Spain,Irán,"['Mohammad Amini', 'Behnam Yakhchali', 'Piter Girgoorian', 'Arsalan Kazemi', 'Hasan Aliakbari']",0.0,0.0,0.0,0.0,0.0,0.0,0.0,0.0,0.0,0.0,0.0,0.0,0.0,0.0,0.0,0.0,0.0,0.0,0.0
1,/es/basketballworldcup/2023/game/3008/Iran-Spain,España,"['Willy Hernangomez', 'Alex Abrines', 'Juan Nunez', 'Juancho Hernangomez', 'Joel Parra']",0.0,0.0,0.0,0.0,0.0,0.0,0.0,0.0,0.0,0.0,0.0,0.0,0.0,0.0,0.0,0.0,0.0,0.0,0.0
0,/es/basketballworldcup/2023/game/3108/Cape-Verde-Finland,Cabo Verde,"['Ivan Almeida', 'Anderson Correia', 'Will Tavares', 'Betinho Gomes', 'Edy Tavares']",0.0,0.0,0.0,0.0,0.0,0.0,0.0,0.0,0.0,0.0,0.0,0.0,0.0,0.0,0.0,0.0,0.0,0.0,0.0
1,/es/basketballworldcup/2023/game/3108/Cape-Verde-Finland,Finlandia,"['Miro Little', 'Sasu Salin', 'Mikael Jantunen', 'Elias Valtonen', 'Lauri Markkanen']",0.0,0.0,0.0,0.0,0.0,0.0,0.0,0.0,0.0,0.0,0.0,0.0,0.0,0.0,0.0,0.0,0.0,0.0,0.0
0,/es/basketballworldcup/2023/game/3108/Angola-China,Angola,"['Eduardo Francisco', 'Gerson Goncalves', 'Childe Dundao', 'Jilson Bango', 'Bruno Fernando']",0.0,0.0,0.0,0.0,0.0,0.0,0.0,0.0,0.0,0.0,0.0,0.0,0.0,0.0,0.0,0.0,0.0,0.0,0.0
1,/es/basketballworldcup/2023/game/3108/Angola-China,China,"['Kaier Li', 'Rui Zhao', 'Qi Zhou', 'Hao Fu', 'Zhenlin Zhang']",0.0,0.0,0.0,0.0,0.0,0.0,0.0,0.0,0.0,0.0,0.0,0.0,0.0,0.0,0.0,0.0,0.0,0.0,0.0
0,/es/basketballworldcup/2023/game/3108/New-Zealand-Mexico,Nueva Zelanda,"['Reuben Te Rangi', ""Izayah Le'afa"", 'Finn Delany', 'Shea Ili', 'Yannick Wetzell']",0.0,0.0,0.0,0.0,0.0,0.0,0.0,0.0,0.0,0.0,0.0,0.0,0.0,0.0,0.0,0.0,0.0,0.0,0.0
1,/es/basketballworldcup/2023/game/3108/New-Zealand-Mexico,México,"['Fabián Jaimes', 'Paul Stoll', 'Pako Cruz', 'Gabriel Girón', 'Joshua Ibarra']",0.0,0.0,0.0,0.0,0.0,0.0,0.0,0.0,0.0,0.0,0.0,0.0,0.0,0.0,0.0,0.0,0.0,0.0,0.0
0,/es/basketballworldcup/2023/game/3108/Cote-d-Ivoire-Lebanon,Costa de Marfil,"['Bazoumana Koné', 'Amadou Sidibe', 'Maxence Dadiet', 'Cédric Bah', 'Jean Philippe Dally']",0.0,0.0,0.0,0.0,0.0,0.0,0.0,0.0,0.0,0.0,0.0,0.0,0.0,0.0,0.0,0.0,0.0,0.0,0.0
1,/es/basketballworldcup/2023/game/3108/Cote-d-Ivoire-Lebanon,Líbano,"['Omari Rasulala Spellman', 'Karim Zeinoun', 'Sergio El Darwich', 'Ali Haidar', 'Ali Mezher']",0.0,0.0,0.0,0.0,0.0,0.0,0.0,0.0,0.0,0.0,0.0,0.0,0.0,0.0,0.0,0.0,0.0,0.0,0.0
0,/es/basketballworldcup/2023/game/3108/Japón-Venezuela,Japón,"['Yuki Kawamura', 'Makoto Hiejima', 'Yuta Watanabe', 'Yudai Baba', 'Joshua Hawkinson']",0.0,0.0,0.0,0.0,0.0,0.0,0.0,0.0,0.0,0.0,0.0,0.0,0.0,0.0,0.0,0.0,0.0,0.0,0.0
1,/es/basketballworldcup/2023/game/3108/Japón-Venezuela,Venezuela,"['Garly Sojo', 'David Cubillan', 'Windi Graterol', 'Heissler Guillent', 'Nestor Colmenares']",0.0,0.0,0.0,0.0,0.0,0.0,0.0,0.0,0.0,0.0,0.0,0.0,0.0,0.0,0.0,0.0,0.0,0.0,0.0
0,/es/basketballworldcup/2023/game/3108/Sudán-del-Sur-Filipinas,Sudán del Sur,"['Nuni Omot', 'Carlik Jones', 'Kuany Ngor Kuany', 'Marial Shayok', 'Wenyen Gabriel']",0.0,0.0,0.0,0.0,0.0,0.0,0.0,0.0,0.0,0.0,0.0,0.0,0.0,0.0,0.0,0.0,0.0,0.0,0.0
1,/es/basketballworldcup/2023/game/3108/Sudán-del-Sur-Filipinas,Filipinas,"['Jordan Clarkson', 'Rhenz Abando', 'Dwight Ramos', 'Japeth Aguilar', 'Ariel John Edu']",0.0,0.0,0.0,0.0,0.0,0.0,0.0,0.0,0.0,0.0,0.0,0.0,0.0,0.0,0.0,0.0,0.0,0.0,0.0
0,/es/basketballworldcup/2023/game/3108/Egypt-Jordan,Egipto,"['Amr Zahran', 'Ehab Amin', 'Adam Moussa', 'Patrick Gardner', 'Assem Marei']",0.0,0.0,0.0,0.0,0.0,0.0,0.0,0.0,0.0,0.0,0.0,0.0,0.0,0.0,0.0,0.0,0.0,0.0,0.0
1,/es/basketballworldcup/2023/game/3108/Egypt-Jordan,Jordania,"['Amin Abu Hawwas', 'Freddy Ibrahim', 'Sami Bzai', 'Rondae Hollis Jefferson', 'Ahmad Dwairi']",0.0,0.0,0.0,0.0,0.0,0.0,0.0,0.0,0.0,0.0,0.0,0.0,0.0,0.0,0.0,0.0,0.0,0.0,0.0
0,/es/basketballworldcup/2023/game/3108/France-Iran,Francia,"['Guerschon Yabusele', 'Evan Fournier', 'Nando De Colo', 'Rudy Gobert', 'Isaia Cordinier']",0.0,0.0,0.0,0.0,0.0,0.0,0.0,0.0,0.0,0.0,0.0,0.0,0.0,0.0,0.0,0.0,0.0,0.0,0.0
1,/es/basketballworldcup/2023/game/3108/France-Iran,Irán,"['Mohammad Amini', 'Behnam Yakhchali', 'Piter Girgoorian', 'Arsalan Kazemi', 'Hasan Aliakbari']",0.0,0.0,0.0,0.0,0.0,0.0,0.0,0.0,0.0,0.0,0.0,0.0,0.0,0.0,0.0,0.0,0.0,0.0,0.0
0,/es/basketballworldcup/2023/game/0109/Serbia-Italy,Serbia,"['Nikola Jovic', 'Bogdan Bogdanovic', 'Ognjen Dobric', 'Stefan Jovic', 'Nikola Milutinov']",0.0,0.0,0.0,0.0,0.0,0.0,0.0,0.0,0.0,0.0,0.0,0.0,0.0,0.0,0.0,0.0,0.0,0.0,0.0
1,/es/basketballworldcup/2023/game/0109/Serbia-Italy,Italia,"['Marco Spissu', 'Stefano Tonut', 'Nicolo Melli', 'Simone Fontecchio', 'Achille Polonara']",0.0,0.0,0.0,0.0,0.0,0.0,0.0,0.0,0.0,0.0,0.0,0.0,0.0,0.0,0.0,0.0,0.0,0.0,0.0
0,/es/basketballworldcup/2023/game/0109/Alemania-Georgia,Alemania,"['Isaac Bonga', 'Johannes Voigtmann', 'Daniel Theis', 'Dennis Schroder', 'Andreas Obst']",0.0,0.0,0.0,0.0,0.0,0.0,0.0,0.0,0.0,0.0,0.0,0.0,0.0,0.0,0.0,0.0,0.0,0.0,0.0
1,/es/basketballworldcup/2023/game/0109/Alemania-Georgia,Georgia,"['Rati Andronikashvili', 'Duda Sanadze', 'Tornike Shengelia', 'Thaddus McFadden', 'Goga Bitadze']",0.0,0.0,0.0,0.0,0.0,0.0,0.0,0.0,0.0,0.0,0.0,0.0,0.0,0.0,0.0,0.0,0.0,0.0,0.0
0,/es/basketballworldcup/2023/game/0109/USA-Montenegro,USA,"['Mikal Bridges', 'Anthony Edwards', 'Jalen Brunson', 'Josh Hart', 'Jaren Jackson Jr']",0.0,0.0,0.0,0.0,0.0,0.0,0.0,0.0,0.0,0.0,0.0,0.0,0.0,0.0,0.0,0.0,0.0,0.0,0.0
1,/es/basketballworldcup/2023/game/0109/USA-Montenegro,Montenegro,"['Nikola Vucevic', 'Dino Radoncic', 'Marko Simonovic', 'Petar Popovic', 'Kendrick Perry']",0.0,0.0,0.0,0.0,0.0,0.0,0.0,0.0,0.0,0.0,0.0,0.0,0.0,0.0,0.0,0.0,0.0,0.0,0.0
0,/es/basketballworldcup/2023/game/0109/España-Letonia,España,"['Alberto Diaz', 'Victor Claver', 'Willy Hernangomez', 'Sergio Llull', 'Juancho Hernangomez']",0.0,0.0,0.0,0.0,0.0,0.0,0.0,0.0,0.0,0.0,0.0,0.0,0.0,0.0,0.0,0.0,0.0,0.0,0.0
1,/es/basketballworldcup/2023/game/0109/España-Letonia,Letonia,"['Rodions Kurucs', 'Dāvis Bertāns', 'Rolands Šmits', 'Artūrs Kurucs', 'Artūrs Žagars']",0.0,0.0,0.0,0.0,0.0,0.0,0.0,0.0,0.0,0.0,0.0,0.0,0.0,0.0,0.0,0.0,0.0,0.0,0.0
0,/es/basketballworldcup/2023/game/0109/República-Dominicana-Puerto-Rico,República Dominicana,"['Victor Liz', 'Andres Feliz', 'Eloy Vargas', 'LJ Figueroa', 'Karl-Anthony Towns']",0.0,0.0,0.0,0.0,0.0,0.0,0.0,0.0,0.0,0.0,0.0,0.0,0.0,0.0,0.0,0.0,0.0,0.0,0.0
1,/es/basketballworldcup/2023/game/0109/República-Dominicana-Puerto-Rico,Puerto Rico,"['Isaiah Pineiro', 'George Conditt', 'Stephen Thompson Jr.', 'Ismael Romero', 'Tremont Waters']",0.0,0.0,0.0,0.0,0.0,0.0,0.0,0.0,0.0,0.0,0.0,0.0,0.0,0.0,0.0,0.0,0.0,0.0,0.0
0,/es/basketballworldcup/2023/game/0109/Slovenia-Australia,Eslovenia,"['Aleksej Nikolic', 'Mike Tobey', 'Zoran Dragic', 'Bine Prepelic', 'Luka Doncic']",0.0,0.0,0.0,0.0,0.0,0.0,0.0,0.0,0.0,0.0,0.0,0.0,0.0,0.0,0.0,0.0,0.0,0.0,0.0
1,/es/basketballworldcup/2023/game/0109/Slovenia-Australia,Australia,"['Josh Giddey', 'Patty Mills', 'Josh Green', 'Nick Kay', 'Duop Reath']",0.0,0.0,0.0,0.0,0.0,0.0,0.0,0.0,0.0,0.0,0.0,0.0,0.0,0.0,0.0,0.0,0.0,0.0,0.0
0,/es/basketballworldcup/2023/game/0109/Lithuania-Greece,Lituania,"['Margiris Normantas', 'Tadas Sedekerskis', 'Ignas Brazdeikis', 'Rokas Jokubaitis', 'Jonas Valanciunas']",0.0,0.0,0.0,0.0,0.0,0.0,0.0,0.0,0.0,0.0,0.0,0.0,0.0,0.0,0.0,0.0,0.0,0.0,0.0
1,/es/basketballworldcup/2023/game/0109/Lithuania-Greece,Grecia,"['Thomas Walkup', 'Michail Lountzis', 'Georgios Papagiannis', 'Kostas Papanikolaou', 'Thanasis Antetokounmpo']",0.0,0.0,0.0,0.0,0.0,0.0,0.0,0.0,0.0,0.0,0.0,0.0,0.0,0.0,0.0,0.0,0.0,0.0,0.0
0,/es/basketballworldcup/2023/game/0109/Canadá-Brasil,Canadá,"['Shai Gilgeous-Alexander', 'Dwight Powell', 'RJ  Barrett', 'Kelly Olynyk', 'Dillon Brooks']",0.0,0.0,0.0,0.0,0.0,0.0,0.0,0.0,0.0,0.0,0.0,0.0,0.0,0.0,0.0,0.0,0.0,0.0,0.0
1,/es/basketballworldcup/2023/game/0109/Canadá-Brasil,Brasil,"['Yago Santos', 'Tim Soares', 'Leonardo Meindl', 'Georginho De Paula', 'Bruno Caboclo']",0.0,0.0,0.0,0.0,0.0,0.0,0.0,0.0,0.0,0.0,0.0,0.0,0.0,0.0,0.0,0.0,0.0,0.0,0.0
0,/es/basketballworldcup/2023/game/0209/Finland-Venezuela,Finlandia,"['Miro Little', 'Sasu Salin', 'Mikael Jantunen', 'Elias Valtonen', 'Lauri Markkanen']",0.0,0.0,0.0,0.0,0.0,0.0,0.0,0.0,0.0,0.0,0.0,0.0,0.0,0.0,0.0,0.0,0.0,0.0,0.0
1,/es/basketballworldcup/2023/game/0209/Finland-Venezuela,Venezuela,"['Garly Sojo', 'Jhornan Zamora', 'Windi Graterol', 'Heissler Guillent', 'Nestor Colmenares']",0.0,0.0,0.0,0.0,0.0,0.0,0.0,0.0,0.0,0.0,0.0,0.0,0.0,0.0,0.0,0.0,0.0,0.0,0.0
0,/es/basketballworldcup/2023/game/0209/Angola-South-Sudan,Angola,"['Eduardo Francisco', 'Childe Dundao', 'Jilson Bango', 'Leonel Paulo', 'Silvio De Sousa']",0.0,0.0,0.0,0.0,0.0,0.0,0.0,0.0,0.0,0.0,0.0,0.0,0.0,0.0,0.0,0.0,0.0,0.0,0.0
1,/es/basketballworldcup/2023/game/0209/Angola-South-Sudan,Sudán del Sur,"['Nuni Omot', 'Carlik Jones', 'Kuany Ngor Kuany', 'Marial Shayok', 'Wenyen Gabriel']",0.0,0.0,0.0,0.0,0.0,0.0,0.0,0.0,0.0,0.0,0.0,0.0,0.0,0.0,0.0,0.0,0.0,0.0,0.0
0,/es/basketballworldcup/2023/game/0209/New-Zealand-Egypt,Nueva Zelanda,"['Reuben Te Rangi', 'Finn Delany', 'Shea Ili', 'Yannick Wetzell', 'Jordan Ngatai']",0.0,0.0,0.0,0.0,0.0,0.0,0.0,0.0,0.0,0.0,0.0,0.0,0.0,0.0,0.0,0.0,0.0,0.0,0.0
1,/es/basketballworldcup/2023/game/0209/New-Zealand-Egypt,Egipto,"['Amr Zahran', 'Ehab Amin', 'Patrick Gardner', 'Omar Hussein', 'Assem Marei']",0.0,0.0,0.0,0.0,0.0,0.0,0.0,0.0,0.0,0.0,0.0,0.0,0.0,0.0,0.0,0.0,0.0,0.0,0.0
0,/es/basketballworldcup/2023/game/0209/Cote-d-Ivoire-France,Costa de Marfil,"['Assemian Moulare', 'Amadou Sidibe', 'Maxence Dadiet', 'Cédric Bah', 'Jean Philippe Dally']",0.0,0.0,0.0,0.0,0.0,0.0,0.0,0.0,0.0,0.0,0.0,0.0,0.0,0.0,0.0,0.0,0.0,0.0,0.0
1,/es/basketballworldcup/2023/game/0209/Cote-d-Ivoire-France,Francia,"['Guerschon Yabusele', 'Evan Fournier', 'Nando De Colo', 'Rudy Gobert', 'Isaia Cordinier']",0.0,0.0,0.0,0.0,0.0,0.0,0.0,0.0,0.0,0.0,0.0,0.0,0.0,0.0,0.0,0.0,0.0,0.0,0.0
0,/es/basketballworldcup/2023/game/0209/Japón-Cabo-Verde,Japón,"['Yuki Kawamura', 'Makoto Hiejima', 'Yuta Watanabe', 'Yudai Baba', 'Joshua Hawkinson']",0.0,0.0,0.0,0.0,0.0,0.0,0.0,0.0,0.0,0.0,0.0,0.0,0.0,0.0,0.0,0.0,0.0,0.0,0.0
1,/es/basketballworldcup/2023/game/0209/Japón-Cabo-Verde,Cabo Verde,"['Ivan Almeida', 'Anderson Correia', 'Kenneti Mendes', 'Will Tavares', 'Edy Tavares']",0.0,0.0,0.0,0.0,0.0,0.0,0.0,0.0,0.0,0.0,0.0,0.0,0.0,0.0,0.0,0.0,0.0,0.0,0.0
0,/es/basketballworldcup/2023/game/0209/Filipinas-China,Filipinas,"['Jordan Clarkson', 'June Mar Fajardo', 'Roger Pogoy', 'Dwight Ramos', 'Ariel John Edu']",0.0,0.0,0.0,0.0,0.0,0.0,0.0,0.0,0.0,0.0,0.0,0.0,0.0,0.0,0.0,0.0,0.0,0.0,0.0
1,/es/basketballworldcup/2023/game/0209/Filipinas-China,China,"['Kaier Li', 'Rui Zhao', 'Qi Zhou', 'Hao Fu', 'Zhenlin Zhang']",0.0,0.0,0.0,0.0,0.0,0.0,0.0,0.0,0.0,0.0,0.0,0.0,0.0,0.0,0.0,0.0,0.0,0.0,0.0
0,/es/basketballworldcup/2023/game/0209/Jordan-Mexico,Jordania,"['Sami Bzai', 'Malek Kanaan', 'Rondae Hollis Jefferson', 'Zane Alnajdawi', 'Ahmad Dwairi']",0.0,0.0,0.0,0.0,0.0,0.0,0.0,0.0,0.0,0.0,0.0,0.0,0.0,0.0,0.0,0.0,0.0,0.0,0.0
1,/es/basketballworldcup/2023/game/0209/Jordan-Mexico,México,"['Fabián Jaimes', 'Paul Stoll', 'Pako Cruz', 'Gabriel Girón', 'Joshua Ibarra']",0.0,0.0,0.0,0.0,0.0,0.0,0.0,0.0,0.0,0.0,0.0,0.0,0.0,0.0,0.0,0.0,0.0,0.0,0.0
0,/es/basketballworldcup/2023/game/0209/Iran-Lebanon,Irán,"['Mohammad Amini', 'Behnam Yakhchali', 'Piter Girgoorian', 'Arsalan Kazemi', 'Hamed EHaddadi']",0.0,0.0,0.0,0.0,0.0,0.0,0.0,0.0,0.0,0.0,0.0,0.0,0.0,0.0,0.0,0.0,0.0,0.0,0.0
1,/es/basketballworldcup/2023/game/0209/Iran-Lebanon,Líbano,"['Omari Rasulala Spellman', 'Karim Zeinoun', 'Sergio El Darwich', 'Ali Haidar', 'Ali Mezher']",0.0,0.0,0.0,0.0,0.0,0.0,0.0,0.0,0.0,0.0,0.0,0.0,0.0,0.0,0.0,0.0,0.0,0.0,0.0
0,/es/basketballworldcup/2023/game/0309/Australia-Georgia,Australia,"['Josh Giddey', 'Patty Mills', 'Josh Green', 'Nick Kay', 'Duop Reath']",0.0,0.0,0.0,0.0,0.0,0.0,0.0,0.0,0.0,0.0,0.0,0.0,0.0,0.0,0.0,0.0,0.0,0.0,0.0
1,/es/basketballworldcup/2023/game/0309/Australia-Georgia,Georgia,"['Rati Andronikashvili', 'Alexander  Mamukelashvili', 'Kakhaber Jintcharadze', 'Giorgi Shermadini', 'Thaddus McFadden']",0.0,0.0,0.0,0.0,0.0,0.0,0.0,0.0,0.0,0.0,0.0,0.0,0.0,0.0,0.0,0.0,0.0,0.0,0.0
0,/es/basketballworldcup/2023/game/0309/Italy-Puerto-Rico,Italia,"['Marco Spissu', 'Stefano Tonut', 'Nicolo Melli', 'Simone Fontecchio', 'Achille Polonara']",0.0,0.0,0.0,0.0,0.0,0.0,0.0,0.0,0.0,0.0,0.0,0.0,0.0,0.0,0.0,0.0,0.0,0.0,0.0
1,/es/basketballworldcup/2023/game/0309/Italy-Puerto-Rico,Puerto Rico,"['Isaiah Pineiro', 'George Conditt', 'Stephen Thompson Jr.', 'Ismael Romero', 'Tremont Waters']",0.0,0.0,0.0,0.0,0.0,0.0,0.0,0.0,0.0,0.0,0.0,0.0,0.0,0.0,0.0,0.0,0.0,0.0,0.0
0,/es/basketballworldcup/2023/game/0309/Grecia-Montenegro,Grecia,"['Thomas Walkup', 'Nikos Rogkavopoulos', 'Dimitris Moraitis', 'Georgios Papagiannis', 'Kostas Papanikolaou']",0.0,0.0,0.0,0.0,0.0,0.0,0.0,0.0,0.0,0.0,0.0,0.0,0.0,0.0,0.0,0.0,0.0,0.0,0.0
1,/es/basketballworldcup/2023/game/0309/Grecia-Montenegro,Montenegro,"['Nikola Vucevic', 'Dino Radoncic', 'Marko Simonovic', 'Nikola Ivanovic', 'Petar Popovic']",0.0,0.0,0.0,0.0,0.0,0.0,0.0,0.0,0.0,0.0,0.0,0.0,0.0,0.0,0.0,0.0,0.0,0.0,0.0
0,/es/basketballworldcup/2023/game/0309/Brasil-Letonia,Brasil,"['Yago Santos', 'Tim Soares', 'Leonardo Meindl', 'Georginho De Paula', 'Bruno Caboclo']",0.0,0.0,0.0,0.0,0.0,0.0,0.0,0.0,0.0,0.0,0.0,0.0,0.0,0.0,0.0,0.0,0.0,0.0,0.0
1,/es/basketballworldcup/2023/game/0309/Brasil-Letonia,Letonia,"['Rodions Kurucs', 'Dāvis Bertāns', 'Rolands Šmits', 'Aigars Šķēle', 'Artūrs Žagars']",0.0,0.0,0.0,0.0,0.0,0.0,0.0,0.0,0.0,0.0,0.0,0.0,0.0,0.0,0.0,0.0,0.0,0.0,0.0
0,/es/basketballworldcup/2023/game/0309/Germany-Slovenia,Alemania,"['Isaac Bonga', 'Johannes Voigtmann', 'Daniel Theis', 'Dennis Schroder', 'Andreas Obst']",0.0,0.0,0.0,0.0,0.0,0.0,0.0,0.0,0.0,0.0,0.0,0.0,0.0,0.0,0.0,0.0,0.0,0.0,0.0
1,/es/basketballworldcup/2023/game/0309/Germany-Slovenia,Eslovenia,"['Aleksej Nikolic', 'Mike Tobey', 'Zoran Dragic', 'Bine Prepelic', 'Luka Doncic']",0.0,0.0,0.0,0.0,0.0,0.0,0.0,0.0,0.0,0.0,0.0,0.0,0.0,0.0,0.0,0.0,0.0,0.0,0.0
0,/es/basketballworldcup/2023/game/0309/República-Dominicana-Serbia,República Dominicana,"['Victor Liz', 'Andres Feliz', 'Angel Delgado', 'Lester Quiñones', 'Karl-Anthony Towns']",0.0,0.0,0.0,0.0,0.0,0.0,0.0,0.0,0.0,0.0,0.0,0.0,0.0,0.0,0.0,0.0,0.0,0.0,0.0
1,/es/basketballworldcup/2023/game/0309/República-Dominicana-Serbia,Serbia,"['Nikola Jovic', 'Bogdan Bogdanovic', 'Vanja Marinkovic', 'Stefan Jovic', 'Nikola Milutinov']",0.0,0.0,0.0,0.0,0.0,0.0,0.0,0.0,0.0,0.0,0.0,0.0,0.0,0.0,0.0,0.0,0.0,0.0,0.0
0,/es/basketballworldcup/2023/game/0309/USA-Lithuania,USA,"['Mikal Bridges', 'Anthony Edwards', 'Jalen Brunson', 'Josh Hart', 'Jaren Jackson Jr']",0.0,0.0,0.0,0.0,0.0,0.0,0.0,0.0,0.0,0.0,0.0,0.0,0.0,0.0,0.0,0.0,0.0,0.0,0.0
1,/es/basketballworldcup/2023/game/0309/USA-Lithuania,Lituania,"['Margiris Normantas', 'Tadas Sedekerskis', 'Ignas Brazdeikis', 'Rokas Jokubaitis', 'Jonas Valanciunas']",0.0,0.0,0.0,0.0,0.0,0.0,0.0,0.0,0.0,0.0,0.0,0.0,0.0,0.0,0.0,0.0,0.0,0.0,0.0
0,/es/basketballworldcup/2023/game/0309/España-Canadá,España,"['Victor Claver', 'Willy Hernangomez', 'Alex Abrines', 'Juan Nunez', 'Juancho Hernangomez']",0.0,0.0,0.0,0.0,0.0,0.0,0.0,0.0,0.0,0.0,0.0,0.0,0.0,0.0,0.0,0.0,0.0,0.0,0.0
1,/es/basketballworldcup/2023/game/0309/España-Canadá,Canadá,"['Shai Gilgeous-Alexander', 'Dwight Powell', 'RJ  Barrett', 'Kelly Olynyk', 'Dillon Brooks']",0.0,0.0,0.0,0.0,0.0,0.0,0.0,0.0,0.0,0.0,0.0,0.0,0.0,0.0,0.0,0.0,0.0,0.0,0.0
0,/es/basketballworldcup/2023/game/0509/Lituania-Serbia,Lituania,"['Margiris Normantas', 'Tadas Sedekerskis', 'Ignas Brazdeikis', 'Rokas Jokubaitis', 'Jonas Valanciunas']",0.0,0.0,0.0,0.0,0.0,0.0,0.0,0.0,0.0,0.0,0.0,0.0,0.0,0.0,0.0,0.0,0.0,0.0,0.0
1,/es/basketballworldcup/2023/game/0509/Lituania-Serbia,Serbia,"['Nikola Jovic', 'Bogdan Bogdanovic', 'Ognjen Dobric', 'Stefan Jovic', 'Nikola Milutinov']",0.0,0.0,0.0,0.0,0.0,0.0,0.0,0.0,0.0,0.0,0.0,0.0,0.0,0.0,0.0,0.0,0.0,0.0,0.0
0,/es/basketballworldcup/2023/game/0509/Italia-USA,Italia,"['Marco Spissu', 'Stefano Tonut', 'Nicolo Melli', 'Simone Fontecchio', 'Achille Polonara']",0.0,0.0,0.0,0.0,0.0,0.0,0.0,0.0,0.0,0.0,0.0,0.0,0.0,0.0,0.0,0.0,0.0,0.0,0.0
1,/es/basketballworldcup/2023/game/0509/Italia-USA,USA,"['Mikal Bridges', 'Anthony Edwards', 'Jalen Brunson', 'Josh Hart', 'Jaren Jackson Jr']",0.0,0.0,0.0,0.0,0.0,0.0,0.0,0.0,0.0,0.0,0.0,0.0,0.0,0.0,0.0,0.0,0.0,0.0,0.0
0,/es/basketballworldcup/2023/game/0609/Alemania-Letonia,Alemania,"['Isaac Bonga', 'Johannes Voigtmann', 'Daniel Theis', 'Dennis Schroder', 'Andreas Obst']",0.0,0.0,0.0,0.0,0.0,0.0,0.0,0.0,0.0,0.0,0.0,0.0,0.0,0.0,0.0,0.0,0.0,0.0,0.0
1,/es/basketballworldcup/2023/game/0609/Alemania-Letonia,Letonia,"['Rodions Kurucs', 'Dāvis Bertāns', 'Rolands Šmits', 'Andrejs Gražulis', 'Artūrs Žagars']",0.0,0.0,0.0,0.0,0.0,0.0,0.0,0.0,0.0,0.0,0.0,0.0,0.0,0.0,0.0,0.0,0.0,0.0,0.0
0,/es/basketballworldcup/2023/game/0609/Canadá-Eslovenia,Canadá,"['Shai Gilgeous-Alexander', 'Dwight Powell', 'RJ  Barrett', 'Kelly Olynyk', 'Dillon Brooks']",0.0,0.0,0.0,0.0,0.0,0.0,0.0,0.0,0.0,0.0,0.0,0.0,0.0,0.0,0.0,0.0,0.0,0.0,0.0
1,/es/basketballworldcup/2023/game/0609/Canadá-Eslovenia,Eslovenia,"['Aleksej Nikolic', 'Mike Tobey', 'Zoran Dragic', 'Bine Prepelic', 'Luka Doncic']",0.0,0.0,0.0,0.0,0.0,0.0,0.0,0.0,0.0,0.0,0.0,0.0,0.0,0.0,0.0,0.0,0.0,0.0,0.0
0,/es/basketballworldcup/2023/game/0709/Italia-Letonia,Italia,"['Marco Spissu', 'Stefano Tonut', 'Nicolo Melli', 'Achille Polonara', 'Luigi Datome']",0.0,0.0,0.0,0.0,0.0,0.0,0.0,0.0,0.0,0.0,0.0,0.0,0.0,0.0,0.0,0.0,0.0,0.0,0.0
1,/es/basketballworldcup/2023/game/0709/Italia-Letonia,Letonia,"['Rodions Kurucs', 'Rolands Šmits', 'Aigars Šķēle', 'Andrejs Gražulis', 'Kristers Zoriks']",0.0,0.0,0.0,0.0,0.0,0.0,0.0,0.0,0.0,0.0,0.0,0.0,0.0,0.0,0.0,0.0,0.0,0.0,0.0
0,/es/basketballworldcup/2023/game/0709/Lituania-Eslovenia,Lituania,"['Tadas Sedekerskis', 'Ignas Brazdeikis', 'Rokas Jokubaitis', 'Jonas Valanciunas', 'Tomas Dimsa']",0.0,0.0,0.0,0.0,0.0,0.0,0.0,0.0,0.0,0.0,0.0,0.0,0.0,0.0,0.0,0.0,0.0,0.0,0.0
1,/es/basketballworldcup/2023/game/0709/Lituania-Eslovenia,Eslovenia,"['Aleksej Nikolic', 'Mike Tobey', 'Zoran Dragic', 'Bine Prepelic', 'Luka Doncic']",0.0,0.0,0.0,0.0,0.0,0.0,0.0,0.0,0.0,0.0,0.0,0.0,0.0,0.0,0.0,0.0,0.0,0.0,0.0
0,/es/basketballworldcup/2023/game/0809/Serbia-Canadá,Serbia,"['Nikola Jovic', 'Bogdan Bogdanovic', 'Ognjen Dobric', 'Stefan Jovic', 'Nikola Milutinov']",0.0,0.0,0.0,0.0,0.0,0.0,0.0,0.0,0.0,0.0,0.0,0.0,0.0,0.0,0.0,0.0,0.0,0.0,0.0
1,/es/basketballworldcup/2023/game/0809/Serbia-Canadá,Canadá,"['Shai Gilgeous-Alexander', 'Dwight Powell', 'RJ  Barrett', 'Kelly Olynyk', 'Dillon Brooks']",0.0,0.0,0.0,0.0,0.0,0.0,0.0,0.0,0.0,0.0,0.0,0.0,0.0,0.0,0.0,0.0,0.0,0.0,0.0
0,/es/basketballworldcup/2023/game/0809/USA-Alemania,USA,"['Mikal Bridges', 'Anthony Edwards', 'Jalen Brunson', 'Josh Hart', 'Jaren Jackson Jr']",0.0,0.0,0.0,0.0,0.0,0.0,0.0,0.0,0.0,0.0,0.0,0.0,0.0,0.0,0.0,0.0,0.0,0.0,0.0
1,/es/basketballworldcup/2023/game/0809/USA-Alemania,Alemania,"['Johannes Voigtmann', 'Franz Wagner', 'Daniel Theis', 'Dennis Schroder', 'Andreas Obst']",0.0,0.0,0.0,0.0,0.0,0.0,0.0,0.0,0.0,0.0,0.0,0.0,0.0,0.0,0.0,0.0,0.0,0.0,0.0
0,/es/basketballworldcup/2023/game/0909/Italy-Slovenia,Italia,"['Marco Spissu', 'Stefano Tonut', 'Nicolo Melli', 'Simone Fontecchio', 'Achille Polonara']",0.0,0.0,0.0,0.0,0.0,0.0,0.0,0.0,0.0,0.0,0.0,0.0,0.0,0.0,0.0,0.0,0.0,0.0,0.0
1,/es/basketballworldcup/2023/game/0909/Italy-Slovenia,Eslovenia,"['Aleksej Nikolic', 'Mike Tobey', 'Gregor Hrovat', 'Bine Prepelic', 'Luka Doncic']",0.0,0.0,0.0,0.0,0.0,0.0,0.0,0.0,0.0,0.0,0.0,0.0,0.0,0.0,0.0,0.0,0.0,0.0,0.0
0,/es/basketballworldcup/2023/game/0909/Letonia-Lituania,Letonia,"['Rodions Kurucs', 'Rolands Šmits', 'Klāvs Čavars', 'Artūrs Kurucs', 'Artūrs Žagars']",0.0,0.0,0.0,0.0,0.0,0.0,0.0,0.0,0.0,0.0,0.0,0.0,0.0,0.0,0.0,0.0,0.0,0.0,0.0
1,/es/basketballworldcup/2023/game/0909/Letonia-Lituania,Lituania,"['Tadas Sedekerskis', 'Ignas Brazdeikis', 'Rokas Jokubaitis', 'Jonas Valanciunas', 'Tomas Dimsa']",0.0,0.0,0.0,0.0,0.0,0.0,0.0,0.0,0.0,0.0,0.0,0.0,0.0,0.0,0.0,0.0,0.0,0.0,0.0
0,/es/basketballworldcup/2023/game/1009/USA-Canada,USA,"['Mikal Bridges', 'Anthony Edwards', 'Jalen Brunson', 'Josh Hart', 'Walker Kessler']",0.0,0.0,0.0,0.0,0.0,0.0,0.0,0.0,0.0,0.0,0.0,0.0,0.0,0.0,0.0,0.0,0.0,0.0,0.0
1,/es/basketballworldcup/2023/game/1009/USA-Canada,Canadá,"['Luguentz Dort', 'Shai Gilgeous-Alexander', 'Dwight Powell', 'RJ  Barrett', 'Dillon Brooks']",0.0,0.0,0.0,0.0,0.0,0.0,0.0,0.0,0.0,0.0,0.0,0.0,0.0,0.0,0.0,0.0,0.0,0.0,0.0
0,/es/basketballworldcup/2023/game/1009/Germany-Serbia,Alemania,"['Johannes Voigtmann', 'Franz Wagner', 'Daniel Theis', 'Dennis Schroder', 'Andreas Obst']",0.0,0.0,0.0,0.0,0.0,0.0,0.0,0.0,0.0,0.0,0.0,0.0,0.0,0.0,0.0,0.0,0.0,0.0,0.0
1,/es/basketballworldcup/2023/game/1009/Germany-Serbia,Serbia,"['Nikola Jovic', 'Bogdan Bogdanovic', 'Ognjen Dobric', 'Stefan Jovic', 'Nikola Milutinov']",0.0,0.0,0.0,0.0,0.0,0.0,0.0,0.0,0.0,0.0,0.0,0.0,0.0,0.0,0.0,0.0,0.0,0.0,0.0
